,regressor,col_list,train_score,train_mae,test_mse,test_mae
0,PLSRegression,"['Major', 'Weighted GPA', 'GPA', 'STEM', 'Reviewer', 'High School', 'University']",7.8805969152528235,2.122251733388666,18.62919196192765,3.5770366929874666
1,PLSRegression,"['Weighted GPA', 'Reviewer', 'University', 'GPA', 'STEM', 'Major']",12.301971481545063,2.6805584217295877,20.814434271250157,3.8279422605414677
2,PLSRegression,"['High School', 'Weighted GPA', 'Reviewer', 'GPA', 'STEM', 'Major']",8.785262717364466,2.259146292969171,17.183303939985265,3.3784848932209104
3,PLSRegression,"['High School', 'Weighted GPA', 'Reviewer', 'University', 'GPA', 'STEM']",7.930107321997488,2.1282737724381695,17.565683759912176,3.487959555466072
4,PLSRegression,"['High School', 'Reviewer', 'University', 'GPA', 'STEM', 'Major']",7.439526667231709,2.0593379982168534,19.93250545450776,3.7314351357039666
5,PLSRegression,"['High School', 'Weighted GPA', 'Reviewer', 'University', 'STEM', 'Major']",7.535006087919511,2.0768626513100346,19.27048959846854,3.6471178421812644
6,PLSRegression,"['High School', 'Weighted GPA', 'University', 'GPA', 'STEM', 'Major']",7.09003872694687,2.046926207685348,19.514462120500998,3.6288504909535777
7,PLSRegression,"['High School', 'Weighted GPA', 'Reviewer', 'University', 'GPA', 'Major']",7.855754638819585,2.1926581426015916,20.28080246503004,3.691308205886845
8,PLSRegression,"['Weighted GPA', 'Reviewer', 'GPA', 'STEM', 'Major']",15.627191817163174,3.0751112118313313,20.293626050153904,3.754545812183943
9,PLSRegression,"['Weighted GPA', 'Reviewer', 'University', 'GPA', 'STEM']",12.928286021737344,2.768999154107674,19.776795843208063,3.745133330859872
10,PLSRegression,"['Reviewer', 'University', 'GPA', 'STEM', 'Major']",12.420633412490542,2.6717189808887496,23.246973230728983,4.12575520470546
11,PLSRegression,"['Weighted GPA', 'Reviewer', 'University', 'STEM', 'Major']",12.024518765714234,2.626892382340531,21.422517604726842,3.943791857104958
12,PLSRegression,"['Weighted GPA', 'University', 'GPA', 'STEM', 'Major']",13.074408274540996,2.8988321437926383,20.557875356198902,3.743612250149232
13,PLSRegression,"['Weighted GPA', 'Reviewer', 'University', 'GPA', 'Major']",12.64113401150056,2.797765565516554,22.961537969922695,4.023467872124559
14,PLSRegression,"['High School', 'Weighted GPA', 'Reviewer', 'GPA', 'STEM']",9.027779444990173,2.3004915097806773,15.836915892161517,3.2603029541352484
15,PLSRegression,"['High School', 'Reviewer', 'GPA', 'STEM', 'Major']",8.160576501763483,2.214713851483406,18.345364188999167,3.5394839987707547
16,PLSRegression,"['High School', 'Weighted GPA', 'Reviewer', 'STEM', 'Major']",8.534104119475316,2.2465667340010254,17.779338005630823,3.4617895023947876
17,PLSRegression,"['High School', 'Weighted GPA', 'GPA', 'STEM', 'Major']",8.079307647140842,2.2048538313814023,18.38035909213241,3.41332813232904
18,PLSRegression,"['High School', 'Weighted GPA', 'Reviewer', 'GPA', 'Major']",8.785281724737485,2.3582548807459807,19.120277702310258,3.5013665725914556
19,PLSRegression,"['High School', 'Reviewer', 'University', 'GPA', 'STEM']",7.392080880817436,2.0353149800701673,18.523383724574455,3.5967677226393606
20,PLSRegression,"['High School', 'Weighted GPA', 'Reviewer', 'University', 'STEM']",7.37231116422451,2.0641242851728863,18.003310476648693,3.53225671520528
21,PLSRegression,"['High School', 'Weighted GPA', 'University', 'GPA', 'STEM']",7.092874598310597,2.04929088293441,18.360106743399914,3.5120332981488342
22,PLSRegression,"['High School', 'Weighted GPA', 'Reviewer', 'University', 'GPA']",7.717949615232738,2.1409210745983147,19.165443039427895,3.5851621528584072
23,PLSRegression,"['High School', 'Reviewer', 'University', 'STEM', 'Major']",7.456118060905766,2.1001953815814676,21.22190278312194,3.88503846172521
24,PLSRegression,"['High School', 'University', 'GPA', 'STEM', 'Major']",6.437109773517437,1.9327057079397734,21.36003284202841,3.808439982125389
25,PLSRegression,"['High School', 'Reviewer', 'University', 'GPA', 'Major']",7.43242952273552,2.139764353430193,22.155208227974196,3.872744109184549
26,PLSRegression,"['High School', 'Weighted GPA', 'University', 'STEM', 'Major']",6.599763220528499,1.960171571187768,20.40613975086345,3.6924731294112987
27,PLSRegression,"['High School', 'Weighted GPA', 'Reviewer', 'University', 'Major']",7.430925074860814,2.11952887515604,21.1648574907402,3.777420481510163
28,PLSRegression,"['High School', 'Weighted GPA', 'University', 'GPA', 'Major']",7.143661946719232,2.1272498615010624,21.54643269932283,3.77483337567768
29,PLSRegression,"['GPA', 'STEM', 'Reviewer', 'Weighted GPA']",16.685671464797146,3.2196640555500893,17.518708334601698,3.5663416460349833
30,PLSRegression,"['GPA', 'STEM', 'Reviewer', 'Major']",16.164629854828284,3.1992680078296107,21.6863435791882,3.9698324726976275
31,PLSRegression,"['STEM', 'Reviewer', 'Major', 'Weighted GPA']",16.067070557700816,3.1689651420290974,20.848479281487705,3.8598836238643055
32,PLSRegression,"['GPA', 'STEM', 'Major', 'Weighted GPA']",15.457351777986805,3.1059509823851483,20.052519250372953,3.668864610749081
33,PLSRegression,"['GPA', 'Reviewer', 'Major', 'Weighted GPA']",16.70244556107908,3.2721768127621496,23.277478113003394,3.999695952455827
34,PLSRegression,"['GPA', 'STEM', 'Reviewer', 'University']",13.146591403000661,2.7482504631068467,21.853479606545324,4.016660649787947
35,PLSRegression,"['STEM', 'Reviewer', 'University', 'Weighted GPA']",12.442497769796615,2.680424328296543,20.015986819381745,3.8343800177610117
36,PLSRegression,"['GPA', 'STEM', 'University', 'Weighted GPA']",12.55048134376051,2.7679845866660173,20.55952809879435,3.7627942490881994
37,PLSRegression,"['GPA', 'Reviewer', 'University', 'Weighted GPA']",13.127684777765745,2.867577227616697,21.853898068068407,3.9400277015280833
38,PLSRegression,"['STEM', 'Reviewer', 'Major', 'University']",16.5998431841026,3.264936226278943,28.046935177295758,4.363954148777838
39,PLSRegression,"['GPA', 'STEM', 'Major', 'University']",11.657216404385718,2.596682413860175,25.32010953247402,4.200084590765565
40,PLSRegression,"['GPA', 'Reviewer', 'Major', 'University']",12.901052954131194,2.8113678525758776,26.45863837388632,4.391227817697909
41,PLSRegression,"['STEM', 'Major', 'University', 'Weighted GPA']",13.12928589454879,2.9013756654885783,20.896816607696497,3.802666066542667
42,PLSRegression,"['Reviewer', 'Major', 'University', 'Weighted GPA']",12.26312905117663,2.7085698661283595,23.924282528712656,4.146214540758879
43,PLSRegression,"['GPA', 'Major', 'University', 'Weighted GPA']",12.338541256284355,2.8061482883872393,24.516358582329858,4.1339078938309175
44,PLSRegression,"['GPA', 'STEM', 'Reviewer', 'High School']",8.270015644804399,2.1890701228729452,16.32870213428251,3.326212248395919
45,PLSRegression,"['STEM', 'Reviewer', 'High School', 'Weighted GPA']",8.475971088442217,2.2413555899896807,16.104888756355724,3.3391116207032585
46,PLSRegression,"['GPA', 'STEM', 'High School', 'Weighted GPA']",8.353939786866793,2.2652317646532643,16.935362229582417,3.3052651693620003
47,PLSRegression,"['GPA', 'Reviewer', 'High School', 'Weighted GPA']",8.730410623024719,2.325111960279617,17.703461958724354,3.363053986663899
48,PLSRegression,"['STEM', 'Reviewer', 'Major', 'High School']",8.639648121895757,2.3790415229551694,19.856208988863365,3.700447107850761
49,PLSRegression,"['GPA', 'STEM', 'Major', 'High School']",4.786288566991983,1.6552670630938493,22.048370526415646,3.5986229384096164
50,PLSRegression,"['GPA', 'Reviewer', 'Major', 'High School']",4.79515692585349,1.6238517526632297,23.083892292416134,3.7135017146749356
51,PLSRegression,"['STEM', 'High School', 'Major', 'Weighted GPA']",7.711617783743735,2.140233448117905,19.375504938293137,3.520690604955244
52,PLSRegression,"['Reviewer', 'High School', 'Major', 'Weighted GPA']",8.42461292974862,2.274418315922984,20.06820615035917,3.577768226941025
53,PLSRegression,"['GPA', 'High School', 'Major', 'Weighted GPA']",8.275889428729105,2.2978432323871294,20.91690221924249,3.594724878249336
54,PLSRegression,"['STEM', 'Reviewer', 'University', 'High School']",7.173723394843142,2.0609498470769574,19.598168827740103,3.7139975302144266
55,PLSRegression,"['GPA', 'STEM', 'University', 'High School']",6.281604386301039,1.9174035992255862,19.795341458807684,3.6590584145470757
56,PLSRegression,"['GPA', 'Reviewer', 'University', 'High School']",7.099473543640708,2.035976064279127,20.678535815057344,3.7354968913597157
57,PLSRegression,"['STEM', 'High School', 'University', 'Weighted GPA']",6.293220140104365,1.9353103580662434,19.02863276993857,3.5491296310144413
58,PLSRegression,"['Reviewer', 'High School', 'University', 'Weighted GPA']",6.980005528189764,2.01988061359144,19.83716398118002,3.6258144528785707
59,PLSRegression,"['GPA', 'High School', 'University', 'Weighted GPA']",6.907392547281466,2.070626956180892,20.376668282640306,3.648240652128809
60,PLSRegression,"['STEM', 'Major', 'University', 'High School']",6.435375992508833,1.995697423646566,23.178413703672163,3.9903497790104216
61,PLSRegression,"['Reviewer', 'Major', 'University', 'High School']",7.437942128002038,2.163306363827802,23.880387383916318,4.066563611205866
62,PLSRegression,"['GPA', 'Major', 'University', 'High School']",6.565643526128044,2.028344503840273,24.244231372237905,4.014111109610264
63,PLSRegression,"['Major', 'High School', 'University', 'Weighted GPA']",6.565492067771615,2.005883397548022,22.808716232422068,3.8636983415523027
64,PLSRegression,"['GPA', 'STEM', 'Reviewer']",18.136089018412527,3.4142883350021633,19.748503627794133,3.8540230080617004
65,PLSRegression,"['STEM', 'Reviewer', 'Weighted GPA']",16.822208535071308,3.2283538824501896,17.531838795636077,3.5942881946785263
66,PLSRegression,"['GPA', 'STEM', 'Weighted GPA']",17.45801069321867,3.38468832921897,17.786020972058857,3.5578300505719027
67,PLSRegression,"['GPA', 'Reviewer', 'Weighted GPA']",17.25099117257929,3.387201118005256,19.80416107669078,3.764134870336987
68,PLSRegression,"['STEM', 'Reviewer', 'Major']",18.441106715334744,3.55606159988164,24.964227984619242,4.344812906162939
69,PLSRegression,"['GPA', 'STEM', 'Major']",16.62997817668232,3.3034282693085486,23.466688070551754,4.03918905648797
70,PLSRegression,"['GPA', 'Reviewer', 'Major']",17.425803618186656,3.4203567274502737,25.87986885896242,4.3273659603834345
71,PLSRegression,"['STEM', 'Major', 'Weighted GPA']",15.93300132491575,3.1636570194200533,20.367356714695507,3.7729480327919855
72,PLSRegression,"['Reviewer', 'Major', 'Weighted GPA']",16.33693272057405,3.2326250315519545,22.024678009183127,3.9370453488123824
73,PLSRegression,"['GPA', 'Major', 'Weighted GPA']",17.070630437846187,3.3830714751882676,24.13178609613894,3.997703340012353
74,PLSRegression,"['STEM', 'Reviewer', 'University']",13.152281899232381,2.768720208435828,23.12007607385884,4.197812358227028
75,PLSRegression,"['GPA', 'STEM', 'University']",12.500656837357713,2.6804512424466767,23.564186206534405,4.081056099469023
76,PLSRegression,"['GPA', 'Reviewer', 'University']",13.383567639901045,2.859334949846284,25.031288065114666,4.285493323307523
77,PLSRegression,"['STEM', 'University', 'Weighted GPA']",11.60095758342997,2.594803225666087,20.826955285204416,3.814875397632074
78,PLSRegression,"['Reviewer', 'University', 'Weighted GPA']",12.371284754593166,2.7092402924730017,22.3792645879258,4.011452149464416
79,PLSRegression,"['GPA', 'University', 'Weighted GPA']",15.179248282921515,3.2349541589936677,23.079754218039323,4.007957688801209
80,PLSRegression,"['STEM', 'Major', 'University']",14.712795781188131,3.098427914139914,26.17362621681632,4.335147493651485
81,PLSRegression,"['Reviewer', 'Major', 'University']",18.200718247338635,3.4313993723460015,31.374158941191318,4.643909391504388
82,PLSRegression,"['GPA', 'Major', 'University']",12.462028061446947,2.781229288449949,29.840942722799415,4.6305441296405325
83,PLSRegression,"['Major', 'University', 'Weighted GPA']",14.430794634524563,3.1669235388392614,24.830157296484536,4.09922025391574
84,PLSRegression,"['STEM', 'Reviewer', 'High School']",8.432174564696567,2.3033797598908423,17.438761041746343,3.509817726782839
85,PLSRegression,"['GPA', 'STEM', 'High School']",5.507706887610686,1.7831688551751583,23.08759220270931,3.5400204699611426
86,PLSRegression,"['GPA', 'Reviewer', 'High School']",5.312672603415355,1.6614145538752212,25.658448055502568,3.656756880177282
87,PLSRegression,"['STEM', 'High School', 'Weighted GPA']",7.5305556013790875,2.1285242692141155,17.617809217459268,3.384134086514294
88,PLSRegression,"['Reviewer', 'High School', 'Weighted GPA']",7.840913668548367,2.156552617321419,18.325816852513057,3.4055319678261498
89,PLSRegression,"['GPA', 'High School', 'Weighted GPA']",8.172768831383769,2.306465525252244,19.523569009045065,3.454213187303953
90,PLSRegression,"['STEM', 'Major', 'High School']",11.700340327648856,2.738528878221799,16.48351395648025,3.3245157472997175
91,PLSRegression,"['Reviewer', 'Major', 'High School']",11.775222478015829,2.73294575922941,17.921046684569795,3.476021356068249
92,PLSRegression,"['GPA', 'Major', 'High School']",5.053501095058716,1.6454484811769092,23.397659194912112,3.7290725969748064
93,PLSRegression,"['High School', 'Major', 'Weighted GPA']",11.13469571516627,2.592670929497224,17.037400153261444,3.2818203527101817
94,PLSRegression,"['STEM', 'University', 'High School']",5.928862007796193,1.9476058859972851,21.413414190495512,3.787101727023594
95,PLSRegression,"['Reviewer', 'University', 'High School']",6.742693073287578,2.007318771566174,22.219017041772975,3.864767535003513
96,PLSRegression,"['GPA', 'University', 'High School']",5.164675778798395,1.8035040231359776,21.614511764861504,3.647193310464782
97,PLSRegression,"['High School', 'University', 'Weighted GPA']",5.864974931361018,1.8934943572060283,21.44283687672857,3.6864567850094034
98,PLSRegression,"['Major', 'University', 'High School']",6.5981061028194885,2.0161484423596185,26.744070179736568,4.241317773238295
99,PLSRegression,"['STEM', 'Reviewer']",19.679122325329345,3.6271055072822436,20.819262297707606,4.065367059626308
100,PLSRegression,"['GPA', 'STEM']",19.772267648783174,3.61240097958136,21.417151545714614,3.9922913498125765
101,PLSRegression,"['GPA', 'Reviewer']",19.278252065508553,3.6370878963915403,23.51112776954951,4.211334072834474
102,PLSRegression,"['STEM', 'Weighted GPA']",17.620218376185363,3.395254704504521,17.64792273866411,3.5559969839883365
103,PLSRegression,"['Reviewer', 'Weighted GPA']",17.269720166710037,3.367231485352471,19.76321789902628,3.7780846128522834
104,PLSRegression,"['GPA', 'Weighted GPA']",18.71318631204675,3.613936198229335,20.93474057009662,3.8392115674317613
105,PLSRegression,"['STEM', 'Major']",19.65003286111831,3.6699818529678145,26.726818405258054,4.4669548201571825
106,PLSRegression,"['Reviewer', 'Major']",20.604265039792566,3.7611934077958793,29.881890997601467,4.793966303135145
107,PLSRegression,"['GPA', 'Major']",19.444542636016592,3.6475903408994865,31.34592446274267,4.676121475093139
108,PLSRegression,"['Major', 'Weighted GPA']",16.93948834533994,3.398890861027856,22.401923601873946,3.8842516539098297
109,PLSRegression,"['STEM', 'University']",13.65205216831636,2.91598873736864,27.732059436141945,4.461105656148902
110,PLSRegression,"['Reviewer', 'University']",13.143495096961493,2.787496689716409,27.175031188262327,4.491807401191032
111,PLSRegression,"['GPA', 'University']",14.400840958570921,3.012849769453856,32.06951797594137,4.844311386759055
112,PLSRegression,"['University', 'Weighted GPA']",12.921227482544248,2.8844653309952726,23.874892676737556,4.013530357802726
113,PLSRegression,"['Major', 'University']",20.20407586938967,3.6506074828187236,35.03714631904397,4.8985147819293395
114,PLSRegression,"['STEM', 'High School']",6.795077634599076,2.0660941819502545,22.807751391698652,3.601470748695288
115,PLSRegression,"['Reviewer', 'High School']",7.6191554495860405,2.1571561375185127,20.952051530065606,3.643498616758839
116,PLSRegression,"['GPA', 'High School']",5.65467313567423,1.7378538634474066,25.47303698184389,3.678747407588586
117,PLSRegression,"['High School', 'Weighted GPA']",6.894869053265756,2.0400445286396502,21.011642139956823,3.515386436560952
118,PLSRegression,"['Major', 'High School']",13.195337409291875,2.9018410374986146,20.743923005930494,3.6868722017386677
119,PLSRegression,"['University', 'High School']",5.524921696827688,1.886808144322719,24.406120365334782,3.874303745658322
120,PLSRegression,['STEM'],22.583029571780614,3.9279108328556007,23.149729117484103,4.184312779144893
121,PLSRegression,['Reviewer'],20.979325018484484,3.800351845774938,25.2850077412365,4.440219104977033
122,PLSRegression,['GPA'],22.610357233596954,3.9435783958672035,27.64589143681687,4.633990030003184
123,PLSRegression,['Weighted GPA'],18.649256557028654,3.59984140685451,20.57807171184054,3.7776708676757176
124,PLSRegression,,-1.0,-1.0,-1.0,-1.0
